{"cameraMode":{"drawMode":0,"name":"Shaded","section":"Shading Mode"},"sceneLighting":true,"audioPlay":false,"sceneViewState":{"m_AlwaysRefresh":false,"showFog":true,"showSkybox":true,"showFlares":true,"showImageEffects":true,"showParticleSystems":true,"showVisualEffectGraphs":true,"m_FxEnabled":true},"in2DMode":false,"pivot":{"x":-1.583242416381836,"y":3.706063747406006,"z":-0.5899695158004761},"rotation":{"x":0.0017396426992490888,"y":0.7627750635147095,"z":0.0020522484555840494,"w":-0.6466587781906128},"size":6.0073957443237309,"orthographic":false}