{"cameraMode":{"drawMode":0,"name":"Shaded","section":"Shading Mode"},"sceneLighting":true,"audioPlay":false,"sceneViewState":{"showFog":true,"showMaterialUpdate":true,"showSkybox":true,"showFlares":true,"showImageEffects":true,"showParticleSystems":true},"in2DMode":false,"pivot":{"x":1.026611328125,"y":3.897705078125,"z":1.1669921875},"rotation":{"x":0.11680065840482712,"y":0.11740286648273468,"z":-0.013906695879995823,"w":0.9860983490943909},"size":7.603967666625977,"orthographic":true}